address,id
0x9fD8de0E6f2902Ed35A4bDb2d75ACc05A43330FA,1
0x6cF858bD5618E9A39E344BEe8AD3343c965Ddb44,1
0xa366E7F78Ec9da0C48A1318E3E4b09E2cF35B68a,1
0x0b3291D90910BcdFDdC4B840dFdb8934bff3165b,2
0x20E62b246a049E3E3cd425Dd554483b2dEC9696e,4
0x769aaa7486801fE6AE5c6fb6A5C2bE7e07141969,2
0x30d73E0b653029b957Cd466295d480eD8d7c1Ed1,1
0x80dAEc5719621Fde706700d7851e57E200F51a68,2
0xAA6B335b960AB5AD924760E66940e485f83d192e,1
0x17581785276535F529E35eaF78F9C21B813877aD,2
0xA05F50BB475a78fac23412af07f70B54d576ebb8,3
0xbe8D8FBfc6582C55869222BceB30Be3fe9572056,2
0xf29e00fe8111665480779312696C3A0Dc8c32bC5,4
0x4A2327ef55bEaE251be0Bb7Eaab1421c5F03fC2D,2
0x646b719a937045596Da82E7D35F0C80f0a6373bA,3
0x265bAE25CBB79f92448f4e95Ce052a413A7A8B68,2
0x721c2d3936a9b95B942Ba084778B33bce936f784,3
0x90E6bCCf52FcBC7F835F5055404cE4A7bdE0b2E3,2
0x2771bdE7B7bD1a9AE20570E1Cac7Ad6b7E8ac0e2,1
0x89166A46069008a778F62E826ACe165B526A0516,1
0xEa07865EFE1512de74C0868914b2EC2D2f1B0F3e,2
0x488B9B476Af41d9930dB0E71463D156c88c37faD,2
0x8598c259755558eE0132fD87Ab412965c8C3283B,2
0x1BB7615a17a795b3d79cdA72467aD2aBAF53F2ab,3
0x05D5e4D72719d3d7aC74D2B81fbb89668302E90E,2
0x55D2Ef3E7c6378ba9e943f7ba4603A6B62c04a68,1
0x66862A351B6e6e8549E5e6BdDb98a3A4EB883F35,2
0x7113051D225FcD65b91Fba20c868c9621aEB1033,2
0x55eeD986579d26912c2Ecf5Fc9CdFc2c2e7271bA,1
0x9B51F735d58D6FfeaaEC31ed5b5D0Ad881db6204,2
0xd0B2e5Bb3e4801FA9aD637FaA5929591772A5A4F,1
0xa55e0c95D5cCD7eAEdc6de1e58A88D57678ebC1d,1
0x56CB0aAf241978c62cc179d826C207446c990B35,2
0x6EF91E887BBE76a5c68d72E8D7f25594088f27b9,3
0xD834cD30CF6dA9f076a4179D6C348638B6a9a0aA,1
0xf556d4eab9cCDd7f272A8044ac9CEF4ff2E9C1d8,4
0x1970082D3ab9D9b8Ee1E1844071E3d7B9F19f352,4
0xc908643E0a0407FC130673592de609C3E5Fb71cA,4
0x9E8CEE5b380cF6DDaE9d2f747aE1035785c55Fa4,2
0x59bA1342bC745bF79576bB5F39F9634B80b5B04E,1
0x3d6C37DCF518F7633a5C216980A2c5648f3f0F26,1
0x3ef43c8E27AeDCB31fc2A1F32a3572BF7f1F0A03,1
0x6cB25D5434B95A702E4b82b354703E9a3711F080,1
0x5447919FA36AEb8EaDBeD6fC5256cb38077A7Cf0,2
0x07A7218E105541Fbc2BA0B3b66FC91c145335bfd,1
0x2595aDa6827dcF9A03B212236a0e14f4D81fcAc4,2
0xe701A35273c57791009a5d0B2de9B9b8c1fCeAEA,1
0x8012B6210EaF824Eb48Bd773d55C926511EC018C,1
0xD198469304F741672b0ce156Bb9757404BaFD669,3
0x49f2b78458B553229c51a389C811C4A73ae84C73,2
0xe5be4b072fE75DfDFD73d44439e2e1f12F8EdBE3,1
0x1fd5031B9d8B2D4feA66E325756b357c335B6727,2
0x3B502B054715A8e0D8F657169615A88B2CCDD429,2
0x615821945f0192A9B342C9B27dc54fb5af84c362,4
0x7CC681733ea93f4a07081723927c51e22Ab0210C,1
0x0E86A550F7249914C89AD1e02FFFD6340F2fb8A2,4
0xeb6Bc3940C9fe8D7A90BAeB168F64F2FeCD9A5cE,4
0xB43eebAC012cB2f12e1eC258a6eCE20A7aa4712f,4
0x5913B137d3085f40C5c60a73BeB43E093f0d70e5,4
0xd1bC87c56d5014f746112065c6D4173339DDD476,1
0x625b80f7D70168417b94128Cc3a8d0D110FEfe50,3
0xb5f5824dFAaB812A88Ff5a09232A35caA0587F5D,2
0xA01C0735C7cA5f8efc1e63efa5F2D1C4fc1a4714,1
0x7ab29eb61C2bF95df42083C249c82877D760e319,1
0x60C86dd97C1E12ABd712952Cdc0990297f6CE290,4
0x3CebE91f2440220E1DF82c25a3468389D0f0e9cC,3
0x22ed7a936D3DEA108004E3229F3bD3D84C7225db,2
0x0653e299Ee741808F12427277FC8a062d9C718E1,1
0xf5d2C1f878bCa68D4F6584C165523F922556fb9f,3
0xD5fe8DF39fDbdbdb55fba0e2078306656aD706cB,1
0x885cb1217070bc7e05661a6B2a906Ce3d9cea705,3
0x13a1DB3301fE0dd554aA4Cd4fDA4e27fa1f63Bba,1
0x2329A3412BA3e49be47274a72383839BBf1cdE88,1
0xb597B202294Dd5a4A616FCc2F178588BFc6D2c16,3
0x52536fd5A1D9A3eE13a741219429570aBB3F91cE,1
0x607f3f72AEf179a4c6Bc359220B91a390f10A573,2
0x79d5347E03D4BEFB92a1374039f1998658D75d1D,1
0x92e0049C4Cdd67512bdA9ba4dce55b554ACF44fF,3
0x0ccab1b6df6E319d1F53FF041c9fc797939F6929,3
0x7E86463e7C62c9EcA0CCdE14a06dAa4Eb4c689Bb,3
0xe56a10Abeff49250f844a21b1EE39C7FFd735603,2
0xDD1365E07c3F234951207A5997657D9A9bFEB341,1
0xC48403e12A4d8b675CEe5a82F4a9B3469f211021,1
0x16c24b1e6Aaf45DbC086f3398eCa0313Edc6F153,2
0x8c43A15297a3B5e7802366dAA4Eb677cDBc29a14,2
0x8c4793D077a6af87368125616E206cc3210dd143,3
0x69F40ae0e91845Ac3bdB1Cf80d09d662AFD30576,1
0xe11a3f0A5C87A4B0066a08a55f7F2855957fD945,1
0x9d528bfDef21538303A59D5284801299DdF64e37,2
0x6dc213998Be11CA07ac5875c65cEc7db5f328ccC,2
0x74fa1bE357bC182c88BA77E771a5502e2b271F1B,2
0xd5bc65ED8FEF954D959F7f32c97a6Da7A046f9D7,1
0xCd6f2B204A4ae2002A6B02722029177b41D92fE3,4
0x6dee5436c908439A7E961C715d83EFa640Fa545b,2
0x976A7121D39CEE988144e40Cd6c89F4DB8afde2b,2
0xa1D97e66f8d4fF8b5E0A284017288D7Cbcd771fA,2
0x02EfC390c8c60e978e991B15D71EBAA34783f090,1
0x7BA7D6818C952B391C84ECb91c7c933C22BA9a76,4
0x8b2Abf9618cb3899B8459dE211eAdF53598245aD,2
0x7Fbd1F4E89253FA1aAAC18305eCD7db3Ec9852F6,1
0x0c7E4f7608502bA0159E7c535a0967742c961E0A,1
0xc074E62cF0e9339a7eDe19a8E5b04Be1FD3DECeF,4
0x66765543b704301Ec3Da55eAc5d04B2BAd07573e,2
0x24f4ee3d5EADb700571dBEf3aaF71cD5cec8cAf7,2
0xa220eDc4FdF514aBE0dc102e15441E2dEAC206f9,1
0x9a1E6aCdAD8acD30c1360a556DeF6e08012fA55f,1
0x0AfEd1D641A5D9DDbcc2A9B91b6672a3bc55f280,1
0x374518bF2d3E6efC17f4aa1320F1fa375584484C,1
0x50EFA2617145391Ba7EAF383821384c1E7F4FbA3,3
0xDB0eCebD60704ecd798E4626B2dDD3d703D0410a,1
0xf9f5A4d7A37f6480d2Db5F0E4Aa10365Ce5f3A14,1
0x357F99Befe99cB3B284D29ABef0947360aF9dbDb,1
0x499447d779Fe4d2725D76ce68dcd7Ac70BF28B53,1
0x8D785bbA7E2b6E745E975F7DB774F39432A8Bf2E,4
0x5CD8cD4dfbad6B857D6Bf421AB506E08dd456FC6,1
0xF082B93605F7bf92E97642aB5a934f5f50BEb609,3
0x62Fd3A50bea898E5A41c96aD66147e3010776eDE,2
0x9223C7DfBfeD261712d521483e7087d4Ab8eC60f,4
0x839663e0288729a0CF4c532B1A7c7c817fd0A01a,4
0x8b11B240c29FC24cEfdc63790c83886c722FbF66,3
0xAC57AC75ED0f1Db4C66aC7F6D401207f8102F539,1
0x53e01D7Fb9aD1383b2Cf296C6686D926C5b693b8,1
0x3331479FB93c27D7f94D0959EB3b2e92B02C842f,1
0x6Da7543C830884DE8341a34E6385E6B3A1b079Cb,1
0x2D56AeAC04Bf2Ed584A953d7a34c04acf7748f52,4
0xb7Df7d1F7838885Ed712A967c77bCFec93F6647d,3
0xDF702A8cb7781afA9a7248C9E7FD7a07f9750e77,2
0x122de4b91F617dc5fe2930E2ecC8fEdb7A0A013D,2
0x460A8beb9a585D81e9d7526EF3f1C10443ded892,3
0x82BA88f263E001780cAF874F1772CC2a76De8497,2
0x5d07B0f24C318B43bd22d3532dcF6f4BE66d0DB3,4
0x2061b245593A51cdAdE206366C6fb1A85CE50121,3
0x5212000419494f9326FD50C152549103059D9D73,2
0x855418AA9E24daB51C5894f96dab612FE8D52bED,1
0xd68E70e207EE9326a0C4E8eef1c342981790BA3E,1
0x16cF3c3Df464c8051926D8374cce23e128C64e2d,4
0xFE2622bEf555bf2E8bC42F671EC6628FdD15D846,3
0x302d61736a39C44ac93Ecec60e46b28ac2321aB7,2
0x613c220D188f791F5b02666247E74cf523BA27EE,3
0x52be3580601524652978648E872D0aA448aFC928,1
0x647C8a18d17D461Ae82dbB99B8aea0b645d2D206,1
0x8EAA028cC94997AfC8F043d6E0A6fA8325696E50,3
0xB4E3744f012B0a166A4d17C72D7F8f98A1c54feF,2
0x786E62143890D94b21f2d89431B9Fbc2Ee7228B1,1
0xFA9d26F333558f4898C8B7c615c791cb4397A4fB,4
0xc7709E3B4F08ed15d226dE1182b080E12F61C21d,4
0xeDDeF803e082A879A9e220F564b829d143884908,1
0xC54717cBd99BB753b6dC82D6F84A459E7afb557C,1
0xb62d2b9729130768845a9Bd683b92D0b2C48aa7e,2
0xCEdB178012eB7177dE3d8B9387DCb28D93a05A19,3
0xCD79a4B585A6361d8ca4d966d0163211BbcE1531,1
0xF248326915ceaC73B79Adf746e4778956b346501,2
0x1A43D19C22661D0c85E34A8d752867232fd24393,1
0x1daa499fAb47F6937513e952d6d32079848bcCa9,3
0x6A4aC976F02BD97F5a98Df260A3eeF445a81a687,3
0x1bb1063E98d85D25c398f033293a3F91DBCa7Ac0,1
0x34c961044B42d96a8aa7D307f762825532540B38,1
0x341D13B93a9e6eC3B9b2B5C3EE7747D6eC95Cf69,2
0x127C2052ad3D3ac3e8b28D78Cd1aa173271022aD,3
0xB07A0d635DE519623c39882eeFDABd8fCb0c6313,3
0x245416C78Ad191156662bDdBD8c4e42BAF3af619,2
0x1C42344Cf100b81a9517336E606EFA8544933c42,3
0x1a726d44831Fb9f0c8cd7071E45f42aa629f0761,1
0xd6cd6c24571d45D4e1Ed6837ca0df7130190e8A9,2
0xc20A989b54D2809e87674aBCc51Ee69B6F2f0d65,2
0x20fe197ebD5a150b6F88Dd035f6c8a8269b82A86,3
0x1B90a714A6609f57a5f78A846fcFC617B1f17237,1
0x9E7861e49F05eeDb95C7b851EAAf24632e1f127A,3
0x0518CA762268d9f4dAE0EF93dC938Cf8D2B0e5C4,3
0x743bbc8db6146A1D393A831d61A791BFD2E59146,1
0x112400981954E3E98fcC9ECf1d6517396F3811c8,4
0xF9a1c4871B395ce6Ca84323321EEDabDbE9635b3,3
0x1b2D311Fa374f169d92da85Fcf5de4C83E292333,1
0x650C29081b64702807C08D9Caad8cf54d6BA0d22,4
0x84DC4343F50Ac947954bb1C4aCa7145d92B9C642,1
0x5eD82129A69932182D74d36A882D4122238F6B54,1
0x01180F770161351e946f6665befA13beb56898fA,1
0x8520201Ec6Ab08AA35270efDCF28b51a826bcd97,1
0x17b8909a6fFA2C0255BB0dE6Be9E5A4A768690c2,2
0x61e7A7E42A23de877e65662088bC72c9C51Dc1Ee,1
0xb8EF5c01B9eEf0a166a6eb1708D9b17351d7cE0B,1
0x5b6E57bAeb62c530cF369853e15ED25D0c82A865,2
0x3478B07E6e6a39Fd668B036136C5ae5f62135Be1,1
0x33C20036C25F2911ABE4516440F1aC9431F24097,1
0xb6692a25C624464f53F6e7fa978185A9659F1c78,2
0xbF8Bd659Cc3062904098a038FF914Db67b7550D6,1
0xf9091Ba435A41F0D461d896cfea6F5E78fFB475e,1
0x9D4519321A1306e293DA2eDa408619591F040F1A,2
0x7577D3a18177530378d31120f181650e9B353447,3
0x6f0dD4A52e3D0bcf619B13DbB2B484A25f760038,2
0xF4EbF1061d7Fb49D66F1c07c23D27a07234A8Eeb,1
0xb7aD444E1E2Ab86cF94F048e2c212fAac05F4Fb7,4
0x8972cF1472d3D86F3e5d405d905c011BAF50263C,1
0xDDdD696973fd58dB7Aec22f96FbdCf40371e9fB1,2
0xA3Da6a15e4119A81eD6fdA1E4546f55eba6442E3,2
0xDA8d95Cdf11792975190F8b1D6E5431746c71926,2
0x9031cD96225B7E837D5b4b650F9a3AEB0eEf5Af5,4
0xCD43cc81F00155545A98e8533369eDB07C2915Cd,1
0xf53cf50af1f8E3a55601D5a3A98F3C90152882Cb,2
0x155026cF3D32957a7fC4bf6e0e076659A7e4529f,3
0x8aBDAafCd383fCB0556Dd324C00B6f7E1F9BCa2c,3
0x17210aF17134c092755c9853623015d9E1285822,3
0xbfA656167BA1fb5AA6199c0bfD6E9457777EEc8B,1
0x815eF015275F70143027B9857c568dc2F325841D,3
0x67d5894E8aA3F2395d6EDd94551d25aC9D30D6DA,2
0x9D86bb054153433b69B135d3E08c337ac6903C62,4
0x375D80E6abb6D500635cdAe3Fb7569EA6159c82F,1
0xD075FdB939f84e429551149D885B39Abe939C900,1
0xa12aF4c990E8da534CDDB4475153b5471980E3F3,2
0x5986554fd85E8c4A40B03C95c44FF2b3f408967C,2
0xc33cdf065235173011a583399D60a29B96270125,4
0xd2dD1DA988Be017b92EF478f70eA99493379634B,4
0x59a3f41E18A63EDb3a5A6587C4fF2575F5767622,3
0xa76C8012fED62FD3f9D4CBF0c8E0E3893e33790a,4
0x279a5B3137559d04ee26a96Fd035eFBCE0dFeb0C,2
0x24a7C7d06357c790fbC13b8c95Fd0dda582566b1,1
0x731470Ff567eb0D6288FdA4A50b7059E70a7b4f9,3
0x1D8C5655f98c1812Ddb36c6BE4D0e621Dd130e44,4
0xe73A56c786ac755cb0729A5D429b9f4129F743F3,4
0xeD1BC636FBcb3Ad13216281b98417e945775F1a6,2
0x10e49d000c0D0B1F188a557167b21ae257d24CF2,2
0xA1755d12E8966C6533CA83255c0402A6a778e805,3
0x4ED33FF328F52Ddf7cb0f93b8a7ccA6D8Bb06A5B,2
0x5f786447C92cb0207863d7687494FEd5890c25CC,1
0xDe3EE63C974C9832fB539EF90565471D9311B788,3
0xe1C34A416040280C9e43afe51893794d660Ca692,1
0x3f58B2e902eB0D12Ab9638e530C639c816Ce6FE6,3
0x16C474961Fce5E42C57410eEBbe18E5Bb4048c52,3
0xf47A86B127cFba1DC4d09Aea8A92f9E2476b5638,1
0x6D3c98f15afac9967AECF7AAeEfc6d8Ea45437E5,3
0x517634aDb9dC2CF564e610c9D5Ea7c04b91b89C8,1
0xAe5A1a0d19080BA60F7A2Ca391eaf468436438AA,2
0x75a89Daf1486Dd10072eDAf97B149c8F3ad4f5e0,3
0x42cd6fCA80ee900C2D9E33c31fCC252252d25d7B,2
0x88476DC397fFD37c1Aaa79Ed9424108Ddb3Ce505,3
0xA62Ce7447baef7d9fDF8EAEE400bD00F3aB447a4,2
0x784C4e0857656BD44ecE6D168770b5bab62676Bb,3
0x86685fB52982045A89b744c09d92bE5A95AA0883,4
0x82d270aB3422430811e678Ef3489a54C29ed223b,1
0x1Cc8091f857992C2FEE8c025f3c1E321633a636B,3
0x2B6d0E36553c87fC68C8E75BD35d63B26014ae56,4
0xF15D9CBF7a219790d97EDe322ebd62af0d1DFDee,2
0xb84fF28b09cB747f52e163d785ec4DA61B21cc5f,1
0x6D4dad25749EaEF4c4820062363813466EB37B93,1
0xE8cb598C546aB2f2DB4Adf61da9F856C0ACD709F,3
0x263FE6e7621b59662128EFdbcD9cf87528214FCb,2
0xEe505F81D979743b32bA008253cA74460814E12a,3
0xcEAfB76F3f47bc3C4C7Dd5AA1AED257831b55c51,2
0x774cE3d524d40Ed46da92D4fEa178821Ec474862,3
0x0F9169C24846D9AD7168980c24e6D41687020E9f,1
0x267B6f06420505392c45fA3322e68595ABdEC383,1
0x7Adef776590C7CD6735c52b2b617c45e5B21C302,2
0x599Fb9dAFB6224eF4b0123533032722B1bA4A3B9,3
0x078CC4caa131eB9d6D3E31847946d5F37fd3F58b,1
0xB95356a3e7bd2144eC2b52895e32d3524AE409cf,2
0x73ca33c23cF0b1cCCddb2431E447b0e30CE1c189,3
0x8980A1b31186111C3c48761420807240F43F9A21,3
0xfB272AcDa4E65dcD6BbA6DbE7211BDdb123AE21A,4
0xb50Ed154e796EB09147A0E32A28D55D2609Ee354,1
0x76853b0762b719462096D9eefc4e32a0904E989c,2
0xB3a1bd759bFa69d7a2b0066B81096F0e4fDBfc67,2
0x229d3E43378E10ad478ab761EBd1c7dd4dC6A19b,4
0xd75BAa371684c2Bde7913a7084c43331a3968DC1,4
0xF0450314D3FCeD52FB7daaD41a15DAee113ff59D,1
0x40E2be76Ba24849FE4Cf9D3cAD9BDb9dedDde873,4
0x7010A000219ea6251585e72a8782217dc6017405,2
0x5404A4D869b31e1ce899B02C54A0C3556A21e4bD,3
0x50C9De782444FcBf76b34E041865359F303904D1,1
0xa812a58b8cFb6f3648fBd8cc00485Bbcc43E5816,3
0x05dCf2D321c894e1c53891B1A4A980f96DbA5F91,3
0xA50F8B14c179d0e828308812A353F58a670E02e2,1
0x4D60e6958233017746f9518e1Feeb9f6c2eE8D11,4
0xB4498D64082326Ab009EcED9b8B64567B86E3a53,3
0xb226dD18ea4f6B36a3463921EFA83e15524c25f1,1
0xfAcAA39d50006E2AdF348144Ab9F3209a5fF9934,1
0xaD50ce8546cFEBCc60eB8359041bBA52b80363FF,2
0xFb24313A2c4C1aE4b75eFE0d3F0be4fa1E6E0aB0,1
0xDd9596F574e8a664876d035EB1A7bdE2EAfe3360,1
0xb63ea4865cDfedF3A7bCa5Df5BD49F04D59ea348,2
0x25c59677f83CC6d0b7Af2159aF6b8b873b5FA4ce,1
0x2303731a53E3da76a1208A7400a3698b5D14E233,4
0xfD3230799304715eb540B41418565e4920205041,1
0x980F18a06a74005ff6BaA867fF617198db85a590,4
0xa9Af5143c8331C567eFe8fF3E64b5DbDaE2a959D,1
0x890A6ca5E7E14806903E76B6A8373425aCf99fB1,3
0x3f445ab0efaA42105C162bfFB4Bc72A20C249137,3
0xa798600Cd453ac6a16759ad2bD33848D0833FD82,4
0x9394cDB927986dbE186d9D85892DA22a06B853AE,2
0xeD7aD5c39f972bA55cd1010eC41c6412e04e3AcA,1
0x5D8c4Ea57b8607cE3D3E220574e291Ac98797e9A,2
0x57a6B372D55B7925b1c19c12aA1A85dE3F6A9A8d,3
0xaFC71c187c4be7aae2EB3ED1A5c070d01f726456,1
0xC83b74bD86c92D0A59cC7cD3E430a262ad6601Ee,1
0x7279A58d87C773621e1a71d08c31E5770FDbFaaE,2
0xFb1d19B5496dE3153DD99fA158e24B32Aba2d977,3
0x19cebE2ACb2a1a1CAD54706028ff1eC98cBd57Ea,1
0x6c084DEF678847FC50e85fa8964FE4fFecD48356,2
0x12488af2f31E022B49741A4f820e8dF80e259dBc,1
0xB8620c9BBeFdcB30983b7931EAc6506a95A79f63,1
0x596Cd1A5Ce6A0B0ce2B7F613674F35710B303589,2
0x879c7AFF4Ef80348aCf7Ca0E99223755a24369f9,1
0x98F833D01973c5eE09A3aA0Fa4613DF85867Cba9,4
0x933b3aAa93Bc7AB5Cbb4d3fbDb4d5fc800Bab9c4,1
0xd7D9a315C0DF7eE9b6004274E3A38Dc5Fc2d8595,4
0x8b59EC35BCd359d6D25cC2d5be8961d6a412dB49,2
0xe30aEcA3CA7608d770F231dB4e6A694eeFDE9A04,2
0x08061eaa9aB9b5c24d865D8f68e749b0F89565eC,1
0x9B31666736aFf415923dC1e006BbD1aE415f5810,2
0xf163442EcEA45Fab281d7c689a68dc8aA44445b9,2
0xB2d4a38720FB9b1342b26C62830AF91d53c59E42,2
0x4D83C8c1b20755A0E7A9A4e27A6D5E51aBeFb530,4
0xCFc96693cdfc86cE62e5d3e8ab31125d17B63206,4
0x0D887B29234C7872Bfa4c10eaF55bc59D236fb06,3
0x1d8da89911359DD7288508231fb61d5123b5feD5,3
0x6F644F92A43b42123422c6144e511d8b5AAd494b,1
0xB0Ee8BC623a9D04EA960387aa51D26452eF10cFb,3
0xECa1db7010cE42b30e8D109f0DEDB8372a8c2B8F,1
0x2F40bbB492B94098E06445CF2f5a19aF559bC59A,1
0x5f13BF3412c294EE6dD6fD84494f826961D729A3,1
0x210b47736E6A73f5398998E4Ab7910b4E5EbDE97,2
0xE1A89cacC2a83cf2212DC81977D2EF285d557DB6,4
0xB63C20aDeE994f1E6bD394086EeBEc435B9d228C,2
0x9632f2d9Ce267D9E67C226A473B2f5F459F4D5e7,2
0x9380140884509e64fA2Dcd67e1A1Cf90529B697E,2
0x0C189767a604db4054BcC8860C4C7393709C9A9a,2
0x2e79eFfd5B5BCa44ec7215777274C9FDcead947e,1
0x3e5d724Ac4e9FA96c769c1eAA32e7291a5EfD8c1,3
0x21d68F32132a961AF1658166eee045836A25Fa33,2
0x9b76aa08528D49641f6b9426D029601a066391F7,1
0x1b95d96dD36D2d3FCdD462C88EEE08d11B71D2d0,3
0x7bE3F55204BE0BFB596a98664981d38F92D88911,3
0x0A9002BDb732FC3FC537b36482DA6C0915c55296,3
0xDeBfc5dE8efA54E7715683393318eBf165413d6D,3
0x3a8aDEb49Bd31a65D830d4412AA99E4Ecd0672b3,1
0x30674c8B857C45C9b6A4E2Ac26D79d1B87377890,1
0x7858c16d980B942Ef5d74F49ce19EA5c556c6b70,2
0x31C75399FD47F5B942F87b18ABF34bfddF13f2FE,2
0x1E664bA846015F105FC97105f43E3803E0cA9A4c,1
0x1cB00656d59AA7fE9A33Fe53d7F2B9a16c6B64a9,3
0x555ec85347d23661f6f282645A7B84E931C638C9,1
0xB3a179C0a821c56516835A76Bd327E714ee10cb3,4
0xdb29C08D0A11D376A54EAABbaa89EB7853e32da5,2
0xd66De48d32f1a8618E0c6044F8920686940bF097,2
0xd6AB49EDE44B170F629593E1b2511100f27816b3,1
0xE67977efC3da12727b562ecA87e531DCe84a8B41,3
0x5c3842551BcF9bdBeeF2C89d5A9b13Cd6Cd9564c,1
0x8f330d0ADfc438557704D4cd1A55fBdf7bEf2FAC,2
0x010298F5dDE499b371A86d6ce7ee454b68B62780,1
0xC0B426A0a8BE55D4A3fbBf702661480c0FBf050c,4
0x236cE1b8e94dfe8280D802025E9D19Cdb9FFEe02,2
0x204897b504988ca1Ee36dE87fd27d4cfA5e31fEC,2
0x22FCa0c746067C050Bdc2aFc3f95C59f3739E134,1
0x03bC3A5EB3407d01E11D02D567a7452Be0147F09,4
0x549bFE3de0460055CDB83Fc45e7FFE945714CC78,1
0x327aE13Ac39d6Cd76E57B015Adf4Be00e86664Bc,3
0x9228f6Ab228B37b0e3935a446331698662ED0924,1
0x45b5612eF785a5F01dcf102b300a3f80A4131C5F,1
0x3539e0f40c1EE32CD89bDa6725a3c492cB985D97,3
0x530537d642C604fAF626243328bF7162B149D4B2,2
0xa6eCa1847AB6CA355791645A241D3EA46E7C648b,1
0xcE6D560610B016Bf112E18E80C1596d203e1Db5d,2
0x52D0e2c845A83F6Bc7d119d22437E71979208352,1
0xBC6817613917b829EC33F5e166765f587ba73e94,2
0xC7C6D1B8bF07813B3922f38B96f27B543479948d,1
0xdb630e03a0f7b8da15f0ccffd74d9284e90a9aab,2
0x25E386c1b755f9494DECda12f7e61C05f52f923A,1
0x95AB0297F75bf81F5a7c0695cCaeCb7aEB4dB9C7,1
0x90A96Aa6e42e28B3DFcCADaed3ac93e7B99dADf0,2
0x8cC6E1B104771975dE6B1007D1851Ff2e97a4fCd,1
0x93fAc67D15Dd428eB9D9460B3A94E8360488D1d1,1
0x83378c70B12Be0431A36416622efD2e430B04628,2
0x272a4FCd2432825ee646CEA7EE5243a013Cbe646,2
0x439485671F6adFfBB974a92C9B53A3350a1560b6,2
0x9b1dd995ad7ae963d11f8ed472b058527672139f,3
0xa428B9fCfe1761dbDC441C3b56c3a372d45f3FC1,2
0x25817174e3Bc0AbE3Ab09358905558881B722F96,1
0xd6F1875BC1B9d0e8bceC7da22a22BdB359082Ae7,2
0xED07327B2CFf3d1C7a0752Bc800199B6129F1230,2
0x227739FE00A2362810d7e5d15E5028564eF43C43,3
0x5D7a564Ea2FCA31658453D810c8BA59529Af0BaF,2
0x306841979a728B16E3Bc08EfA4F7B0A1A5510Ef4,1
0x09e39bf142a77008A63B13Bd0789768559390655,1
0x382660563B8bC34DAfBf80ace5D47B45846C701A,1
0x7B75BC70b928472856047FDEf0D08D5B5816AEFD,1
0x4170AeF5c413915bafdc1980dC2f62c501559132,3
0xA0B8d691F866fB63F3a43bEd0eE3b1d95557F21E,3
0x7b17df087859f731a2097fe040a1af3b70df3c95,4
0x245401E2c5e4D36d9da0695C01aae93F0C7e1d1F,1
0x18dff00A8B2894dDbd7E0D74A5057Fe2E76c250D,4
0xCE926c7ccFfF2D353256dFf36fa4169EAF2F0008,3
0x3f3E2f43f0aC69f30ec38d3E4FEC304bdF330E7A,1
0xBB1EDB8c64D7BaA322FADfD13d4A5Db96d02A2E1,1
0x036d78c5e87E0aA07Bf61815d1efFe10C9FD5275,3
0x1B5EBaaCE21877999E9c8c9aE5CdeBbA2a981CE0,1
0x8D921f72dB4e3ddA7F1B231a42b7E83da7938f58,2
0x32273f5F668e0d94Ed7dB7EB9908eFC3a17E7483,2
0x7BBC6F3CdCCFcf03CB062856E751b8950DAd812b,3
0xe3B4caAe8f7828B91383DFbc8F9e6A7B9791635f,1
0xFa22B93f0FECE855A71F6D6f3b2100f0389EA5ee,1
0x7A16d8F5EBE68295B99d623c33845A41c3c015C7,1
0xA69e1775421526a3572dFA814f8a23B94A27aaF1,1
0x3957014da92A1B146369f8E16bb82C8D06732B0c,1
0x2b1019150Aebf5285E9a406c8705c29579dD3573,2
0x5086741747be6F58448db0FA9f7CE14B8685840b,1
0x5AF138EFC8Ae6BF1779688E0Aa09d1fA8bab6FeB,1
0x1Bf0197aE08441711D23a25dAD3292541Cbd6374,4
0x3681d30a3b434f7cd96def2166e5599480d7811b,2
0x5dD033716ED8293638deE697C08c7Dc107aC818C,2
0x480c595b754c6CDf92b6DfDb1e96492f17F8E99d,2
0xD100b2B28ee17C6D4a4BeE4a23846b161b07C8f5,4
0xFF9d0294139313a79F2F0535BaB23F08B0D7A3B5,1
0x7fe3D4fc2047c8729606715A63Ec884a16f1f7A3,2
0x792a98DC59a51813F3CAf8C398eE56e633Fa29ba,3
0xB79cE19E497B4EF816Fe9A705af2d7B65c1e390d,2
0xBf3545b8A585Eef5570CE59062571F0013D1Ba3e,2
0xDb3f33c806b55080a4201e67Df513BBB9f80E918,4
0x307A6D37382cD6B692e3c870a24f106493cf3A8b,3
0xe9b9e09E1E0d361D37A9A478272865be762523fC,1
0x1a64c8ba39FaAdeec66Bb81B3819952a632359D7,3
0x2913A6b7a08Df1D49CbDba18b76fC6c92a0adB31,2
0xCB1672aCf8d63118020E38fd002b48Fc1D6069C4,2
0x824Cd75db050A171bbfDB8067544BB009a866B87,2
0x144c02f5370Be541e123Fa5cF9083E30Ab7c5a04,4
0xc70380a8AFB827c9EEE408b340c71E8838dE8901,2
0x86a26f01cAFf39c28cf5d8dF1bAADC81749063eB,2
0xf5a8362fe86db3Ed2407c9B56326249fE6F9a06D,1
0x209E1E86A70a9e37A7f07f3B6db26334749E50a2,1
0xaC366b12A777592763AF49Ba0fd8aAb8648c4b6d,2
0x59ce5a074fF348Ac436Da8Ae01A9886c60d587b2,3
0x3Fb47F7db5ab1a3Af5aC3417a77CB7DBe70ee6C5,2
0x669E7F42970ffA1Ea294484978b6FC7f5C7dEe4E,1
0xe8F46Fd8F567c67D793d0c86dd6434e9E68029BA,2
0x694A792fae7A8E48A7e867ca79Cf62d06099A7F2,3
0x952F3C482D3A7Ff3B6dEFC6b40DB7B9A0580a0B7,3
0x208bC2E334C45442Df95e22034Dc1bD2c0bF3618,1
0x60D9662fe7e79D17131ECc0Cc7E195406397199c,1
0x4CEf98D34e5BBe12491CeF4D565FFBEb128A4B46,3
0xcDbd7Fa89184EA15B1eA9b9bE05012654d022571,1
0xC659a8504173102EA3F79f307d6A4fa21534a089,4
0x78dd42e29892393896F6E19cB805a9ae8C575edb,1
0xbfc8Bf017aec5D3Eb602cD5c0c4c98908ddC185E,1
0x8526D6CA199a559A1f92fCAFe21549B05e56EEf3,1
0x09B7F84B2fEFbc05aAe40F8dE0F2B4E0D74824C7,1
0xf2d87E58f82b7B7E4ED56D76E797b5D56101b50A,1
0xf059d0a0E52404A33725f9F3d538C94200c81218,1
0xed9f81f81CF593d502D8Ccc7C3E8ff3730a73265,4
0x2Aa5B84fad7bD5D6816cCB69a3FF527F6D0835B6,3
0xA11aBf4FCd0A9799D020eff2e4Dd110026874f08,1
0xFdC658D6f06E32E47C81fB71b2e398d4DD08c630,1
0xadFEBB1C4efa0C09727801DD48f29c9c44060498,1
0x17890bcA9D84426789ce6BcCaC70291DeF6092bE,1
0x94693Fc5DbB45De4e0a0142fd79856FaE1bfFbC5,3
0x21974bEaC80bc83B5bAC2fca6A8d23B02017a4Ab,2
0xe2cd7adE38A457a0a7F16deF8b4fBba54717dCd3,1
0x8E8054356C2cCC2279D40476Ab0D439C579d41F2,3
0x02c7029fa7e6C7Fe6F0d27A8885BD2681f390d43,2
0x0c366CdeB15384A95f03866EEBB9f2882F1E4288,3
0x20B3A40D948F7F8Efe0EEf35876c63a95984bcDE,1
0x2CF1E7137EFaE14caA26b9bD60cf16fd52D5157E,4
0x3cf856521A64653BF2668360cF25816562672D64,1
0x4660fBB1E7C72AbDdCf4d90B244887e3521AD3b2,2
0x4831bd2E5d6ab2568870F963fEF1d96bd8c43546,1
0x4F3553Aa0789cBFffa469758284190cd072163bC,3
0x5b81eA36Ee1cD27847a52BC4E39E87b13f3b1EaB,2
0x5dc8a23381ccd96d394d41de1927b50f4e314eab,3
0x66Bfdf3b2600e20aE59888D5d7293Bfd9497CB5E,4
0x9dcaa39a7fb46f6d7281c636253473e43912dd04,3
0xA2b5AD8b73f4790C4FFF0921EA9Dbf78Abf5254C,1
0xA882fB71aA1967A6a8aa11375F8abd5FeE5BDD6a,2
0xAe150Fe9af090eCEdEd52dbADeDA6236f3acB865,3
0xD044652A8C95D46d9494e34BC018FA4d1786F5a2,3
0xdF592Ccb1FE148344C26e8227596aA17eC914b5D,1
0xE120edDd8A1FEA7D73AaD75d8eD8406988B2C98D,1
0xe23cAe36064f624d4C549Ba812AB9C9cfDfb8345,1
0xE803DCC2E2694a6b7f7bF426200E47de07bdC418,1
0x052298181075A5096f4FfBa3da7a4F5D75f8c21F,1
0x05F708722e5D9A3E3bD9360056CF3Ac109FB4A81,2
0xdBF782eaE6662d7e6295b8C9bbDC4F29a4F565A7,2
0x02dD83a2d0E79b9a0beBF75E0049E0d770B35c31,2
0x34333A292D345c8789E913d52a21D59eaDB099c7,2
0x4Ed3A372360e4Ec584Ae805720ed7F15Ce9c7d6e,1
0xd8f67baEDd64c64De33491c8558c789c3cCFE13E,1
0x7C735fe1E3DF439443d7185f309F8C1969e83A78,1
0x67B41B6DbD7fE09Ea93D01B252f22A485d910D23,3
0x13442e04c5ac2737D1Ce45c8EED6436F3BE9E9Be,3
0xD6F6e84D47230D556502DddB4e7F13dE5439f263,4
0xBdc2a036D65DD7dF71996149413D4E063A448d0F,1
0x837c05f0b65760109662Cf58a23EFDd6C67d5D6F,2
0xE9448D94F5F7aC4aF563cf47Eb4A906f11632BC6,4
0xd62B0E2FA8427E68a6e02998F59dBA1caCcAd1B1,4
0xe365abA924c6105dA509fca843C783132bd6c113,2
0xd3836F3056E3bF5d24bb42752eB09E8B953C4529,1
0x20b9A3c35377ebFCEA0Eb9117c2186885021a212,3
0x0BaA393625ee9Ba401063Cf4b41D3eBd75761838,1
0x39e294A8a46d80ED4DF27c7666dc3491D454307e,1
0x9d442eEBCA8712C86f57CA11388Aa49a78DB5928,2
0x997362Ad781A598342B4Cf982804e086B19376fB,3
0x445f77b387fC501943ce1fA992ff71c6D6E40539,3
0x7429334dB03073A8e6C8F032Fe129B4e74B4e51f,2
0xB5a1181A324B0605710ae3D164c92618b135038e,3
0x423B14C71643F515C9cF8517ace409772953bd8F,2
0xB8B869abEBcD33aaef28c0e9a224531a9E68160A,1
0x2e602085Aa7D7a954AEd97D6b6dBEA3E475F0646,2
0xcCBd5Ad3Eb3C21F91315466c0e9f282DF1a1544E,1
0x8eeEE21eB0BBEf5f19dA7f6C5ad40bBd924eb426,1
0xef0b42E41c2f7B699DEfeB99d883FA0B7e68D202,1
0x31e7F4Df32522Bd9783DBfE6B3427bC8112F8001,2
0xE2FE85f2f079df05fA3e96328492fCE08b7B235A,1
0xf4f60973FAf7D426cdFaeC7dB2Ff68c6ead669EB,1
0x6F93e9AE977D88Ca973d287a50ebE161eDdbF8a1,2
0xeEEB23B3ae80E2d3DffbE18eBf16eA643357b9f7,1
0x27F7Bb619c81126C408aAA32274dFa31968cb1b8,2
0x0F573862f8e73582754cbA521D098B443f8A4f2E,2
0x438Ef63b69b7cf797F0E13CC1F500c8DAD13cae2,1
0xd26dA903Efd4edD5296362D0d3990c3eAAdB541A,2
0xad8371e4330A9a00bf78C103061f45D50DfdDC11,2
0x52ddFdb981A07Abe1fc269330686B2AF638c46ff,1
0xaC2e73F1836f5C369f8488257De6D8c2c6e0e286,2
0x4a5989a4e3B480B27cE5CB0ec2B957208Bb6A47e,4
0x74450461E8708D4e06dd2B92bad6F85F0EE1C261,1
0x59BF1B723069c7d167fAFc3b5836990f2F5F0ac2,3
0xd05c3b0ED69C906a3cc8A090d237D8371CE3270f,3
0x233c51ddA4ce58dfC83b32E656aBD34B8287dA52,1
0x619879dD6B5259B396410808C6f620dE0dF0404A,2
0x6251b16f8754c02934d611cA03dE0BF83b2827D9,4
0xF5a40A74bF78150b41177FBf7476d395900d28d6,4
0x249C5751D11535b130cB0d6dD0bCf703a3A62823,1
0xF6736c2EdeB25018dbb6651AE78003350c263457,1
0x4915E2527839AB934DbDa41b2927D93ceC78a2F9,2
0x83225F09d42D091b4A4871c4EABF1398B184Ed2d,2
0x060f9e1F8b2038f4598b14FA8F4a49b66381Ea7e,1
0x3A73009f8a2404411f1b0A31609375801B51D817,2
0x11ABe7c136D186Ad159bdD093b7fD6AC9303b733,1
0x8b2D28fFFF37c2368a357f9Cc10a4F202E06EcDb,2
0xaA7c00665E215B1E29eC70450Ed6f8D76A762800,3
0x75adD7aa29715B87497870d20e3c4610c9F4f1F6,2
0x7E788486aeF9d747D04610D43b6FB91335A6E4fB,4
0x019f9e17C732185bcd6C66C11b18234327A30AD8,1
0xbacB1FF65cd643433e3DeC945F7046fb74E6d418,2
0x4e7b6fbf1232d51C7c739d02eF05a59F77e305e5,1
0xdCdB97307c12aa84996b0B34F40e31717930DD0B,2
0x8a1A99A63c4F4fac2b48B1061d19275DDf86f3f8,1
0xda6fd6e857b669f8df0d75ea8cfe7ee5791cbbaf,1
0xe702c119471ec6a1eed15acf4206e1e536da79b5,2
0xfc02Bc3bb726590BD5aeC786fcB39aFeBd999b63,1
0x3691f305721CFAe1257454DE645A39274c70a19a,1
0x45a1A85E36639e50544C70D37685eDC548A5C90f,1
0x20B16f193838Ed106708d8b37B43d8b58b9505cc,1
0x25370840a97eb6e09a45721fdf42e51cf5ab4f5e,2
0x4343100058edab45115396fdaa4bce33d2d8dd6d,1
0x59050B481A421163c82DA42bE199462bbC32Ceb5,2
0xa6C531720e51a3e44E54B90f18aCb44E41F19F48,3
0x81B5cCb9aCf723FBE889432FADD39fA5ADb39A0c,3
0x4c6154F3F913C69657919c11BBDd2ac255788D5E,2
0xdfb68827933ba186b52f833bFc37Fe0776e0ec2B,1
0x0fF264A8ddc41E22247c347844DaF6341289D0C3,4
0x23B6916a84E117fD7632D4562a6e775Fd2fFD0e7,2
0x5790dfb4588759b5c2094cd170f1ec8d8c2af644,1
0x1331abf59afbd39dae3cd634b66a00d58979ce7f,2
0x526A3a47Eb7301bBD51fe00617d2e7Da50262Ef8,2
0x93829fcfBD44Dc2Ee84c2bd96eB651c24ab64450,1
0xa5fef86b24216eb98369a400aac36aded0f2f1e7,2
0x45ce93d93717be2926a062400e1b39ae188ff8f5,3
0x686cB8B68aF42Ed5cB7a5e42AbdD77ad55aF63C5,2
0x751728c00b0f671bc2b6a1dd60fdbb76adfe8d99,1
0xaa84ab4381068694ab5d0df6220671f3a6361384,2
0x2ca4651fb413894a0c1203687e3c7dfdd06fe209,1
0x9033e1330e7ef61c2f4f26827326f3bf9c777752,2
0x392745949db5C0f0751aBdB8fb05dAc0770b9B59,4
0xeeE2f4049875b9CEEA86C55f2146d04251ef8c5b,4
0x90de332A117C2136D66c7813E1FDa5e32c273282,1
0x1f2eb98b4e5a445B166Cf152E50c008B85ea17B1,1
0x73D05c2Ea70dFC3B220444c94567dbc84Bb0d24C,2
0x5eafdeAcdAd70100add5de32115B287df5e12542,1
0x39ef1da92277310427CeBEEB8e9db3Cb5dee0021,4
0xE527CE94580057c75468E22f470ad6A31d93607E,1
0x645C93A65946FF26331037a021c22851C8dA19Ac,1
0xe67Ac23D6C555e9348C1086Ada7e03e3f999C5D6,4
0x1D9040f289D5Ad99208b73e2B82D453413cD0a19,3
0x0b901Cf99336E3331096c74eefEB926AB040e053,3
0xAD21B96A342aeDdF78032c4F269098F8DAA0DAFF,4
0xD4FDC51A88D83ddA8a909991A85332314c5CA1eF,1
0xDbcf7F6441797e5351D300B2b20D8A754B2a888F,2
0x93FE790e745cC81A44fe0F5ae9d87137CA4595aD,3
0xe81e1fBDc01a6cB4fa2D1eDcd62ACC04a4f1086B,1
0x1cE99B6Bf58ad2B2B5d700045303bbDF8fFf4b2a,2
0xe61C54eFAa379Ca8d956e15228Ba00E99320675A,3
0x6fc6029107Dab03d90Ed8c66606b4B8cf4F0d0A7,2
0x971a2E20Dd06bE464AB6211FcDA7aA28a616520b,2
0x25a940bC0cDF97B7A5ba9C76b6b048153f8EE247,1
0x064635e9aD8c770dF4430180f0983AC0C59fC3FC,4
0x2a15f1FEd563C9C815eB510dcb4A3475a087894d,2
0x49f10005e32Ce0eb44a0abae8688996147C60F08,1
0xe1B2B1A0F6B8aDB69B2982Cdd3304e8b0F70089e,3
0xA9707a68120864712ACa5b3671AcEB010d96430e,2
0x7db80B4Ab160AD0163a4d4E6129D411C189CbdFE,3
0xCAa308190771aDf0e4f8a0298fd76FFc558cd674,2
0x1664F073da9f3c70D6874dCcb186c8cbb54578A7,2
0x4355255E0341020C6ba57c73c5286A117C1200ad,1
0x4533d5e7D22C148737a83034d8648745427970b8,2
0x5D8F5BcbC525e47287c860fF17FB76d3C9ca4B03,3
0x84264f134879B7aB714Ab18ab653A73Dd5448b16,2
0x45c6E0B19A82DEa9D25A8285f81039563B33de1d,1
0x4CB36E4f3FF360E57bA14D0AC6f570e73ee27899,1
0x55FAB7F8f64cd6bfEEaff5e2F487d4CF018D5a53,1
0xC89a0e2bE3A56325819b42252A4e0c2c96784a06,1
0x6Ea7f39b8638134b07B6A4E1B4dF4785A3B4aF41,4
0x5c806C6AfeBbaa233490bBE6120EFE961cc6466c,4
0x85A102Ef086409cFD63D2627038Ce532F25b2418,3
0xaf7453C1ACd662485ae30F54fd2DfD9C201096e8,1
0x60bF43108309a39Bc3DF0D6C9294A18753bF1cAe,2
0x899456DfA9974c335b62f5Cc6FBc20b6729ef2E3,3
0x7D0C7905a34F715dD78995bAfe6F11c3D7ae6cE6,1
0x1B206F62830E3d1B05970F43522E8D71361F2af4,3
0x6dFF3e462cd2aC72acABb1C2A053e2Fd6CF05759,2
0xa0BC9F544453061B18202a377854ae28F837cD24,2
0xDe25b8bf8149913097AfA99EF52f9b6bF86De1eC,3
0x157A8fDE864e9622b9344B6293Fa67B414459e5C,1
0xa7884ceE4284DC3595a3BfeD9b34761e3ea0a95E,2
0x5df4F4708A4973e80397d54cA7BFAC85a576c6A9,2
0xF3359D3AD7A3B318Af48B6F551Ca8CB9eb029444,1
0x34A776f4D26bdAf9F943031Cb1C638e6c91efe6c,1
0x56A81623311D9aF88eA3eaDc2f7D6eCD367c982C,3
0xcDD7F34BB89094A56F00Df5b512aFc18BbDEFFc9,1
0xe613402Db38a2c7EB25A20A80FE07F9876eaA7c8,2
0x9b2dEbbE427eE3982Ae842817B9aF2fb59226cDd,1
0xA4Fec2e4912D6FC7E959A5027CFF322148Fcb02E,1
0x8e851Ba6cc49378B8E682464A3790C90f701E81a,2
0x98321DFB48321751e23EC8EA6CbaEB14a5D20637,2
0x3a684E5382477Ecc874d66B73E85653b1fb8C355,1
0x7D55B199d57c2Aacf49511E7E539f872781391cA,1
0xd3823Ba2c01B51701382b219AaE033a6F26B1E44,1
0xF3013Ec5D2356EC82742B1781053CD3EfA9Ab6B1,2
0x109440CBe5b508A7063ca126c88b0F81D3829575,2
0x5B47BaEFc1fD6a15E1E522bF9A7e5CaE34721088,3
0x6A991EdC4Af39D3bA87F5A4f881FD8a5CB9279eD,4
0x58367d36c2E4EFf07A54217e212Dc18559D0373f,2
0xbA0Be22a3e7bd3952275CCd47B4a2D7C3b529572,1
0x4c946b702ebD9b1071f10ccDa03d58d3696AcDF0,4
0x5CbF217cC7EE0B4e16A703b60095f15b44dAB09c,1
0xAd3f8be5F5712825AaE2551A4628d7876Cfa435D,4
0x3B209185d34775862BA932c09BC9732A69739E2E,1
0x4F8bdD55E45f7E16E16Ba598291B6BEdcf9D56E4,2
0x6ae84a40B93a9F2548D407E6887F84Eb88A640DE,1
0x9A4ED3C2be90AB283094209D6f9550b1e2Eeb19a,1
0xadd52D78921951276fDe1ab5da26B06209fC04Ae,1
0x95bCCFc11981885097d42386C257d5eF99cd51C5,1
0x88340710dFF155993D75c2FDbC66dC76e0294380,4
0xc51d6956A3817eb11141FA77B1097A9BFF8e4978,1
0x17741b9290D3f3B37379F84625E1CE7d26a4585c,2
0x2feE478b5060B37F51A98C3364f78c149c462e76,2
0x9eCe62dB500DbC32559AaB558281712002789442,1
0x42Dce47EF37B26eE2cdF251fdd0FFc7255c95568,1
0xFBad453df7c61bD3B496Ba8dF46Ab74ABc41183c,1
0x5FeC4D287883A2e093d2aCe6903c249f1a1468a2,1
0xB7312EdDB85E50dAd4064713d6C9b5E0bcBD673A,1
0xE7E344c0f7071dDD4A501f177E0CCb23fC1613B3,1
0x26736Ea38Ade61ABdc3FbbCBc43b3c513d8aF8e6,3
0x7D77Db6bcF2F93b5883bE19B0466369C9895823C,3
0x92Bf689e66Ce33AfBdb86b64993311638481490d,2
0x0e5053c11F16A4A76cb67425936E795451ee7Cd6,3
0x38D9f622A030059bD103d87649e922dc2DcA2D97,3
0x29184Af20F263ff0C664006ae74747EBa237a4DA,1
0xd0b8f03f66698310255534587fE79d8334f19724,2
0x3ec525D66D5588fA73cbdD39eA7F0969607D4f2A,4
0x08f1dAfBe1ae73C42917F645FD5e5f933848E5B0,1
0x1676E25E70Caeb66c55bFdBEE67833985BA6dAd9,1
0x07Da44Ea8E5F811cfB5b6495aB37ef735f42143f,3
0x2295684554e51fF0D693dF2FEAec54A6C71E4306,1
0x71661fd966becd30d18b620cc24b43a99fd2ce97,2
0x0b5be21b2b2c36b9d50db382331ed87facf65d06,3
0xc04169dbc6317422b118b729d0e72d5f60016b05,2
0x51edb088b39fd1ce613eb7ffb06503b83ef35198,2
0xe1fc8b4c3566f5459923cbfaddc1b7741a997c58,4
0x2867176c6d0b387b9981c185219dc88a7a45eb9d,4
0x9d21604785896cb4bc1ac13dace2dda20b28e08d,2
0xf66006d990e035f9d7e0566726f2d1585a279e60,1
0x23ea7cea8bdd7da69bc8b85a934d725367ecb390,3
0x0f97f0886d5054867b98fae943ec366d8690ab50,3
0x9a03ec66a382f6c3e3b59680dbae7df545652a71,1
0xc25d57d9a72602e29f397a1d33a47519b4c1941a,1
0x448A9aa2493F79A84CA47b5eFC7C4370a63CC8c2,1
0x0a6B07590DF507Bb779cE72f639c398DEeCFCd4A,3
0x17934D6D58e86F6734858111F4af90a5545a7F1B,2
0xb487796a1a31a848728A40608328dDeB286a3C93,4
0xC91e714F4415e6f7d55da37b9ACa5dFc45664675,2
0xC798a1F14511a6Beb8106Ea082181d5B881A3348,3
0xE0552481eFe44d92562D974e2990174a427e7BEf,2
0x777AcdfC544fF6a48516be42407AbB172880D393,3
0xF804993534eEFF5988bB26D951745c8953fC88F3,1
0xD4B80BA465a241ef4D91f3f3FB08b15f9e664453,1
0xc12c89D4754879b424722981F7805b79Ba75cc72,3
0x20f436aa37BB97ecC945022F87B57874CEe34D04,2
0x6DdFB08e52658964831217c9C08364802383d105,2
0xFf0C0cB98BAC0f8a03E4F0Cbf7e14f38f5640d69,1
0x97907f61c1a848fC44D9A1E74194DaD979089541,1
0x378E7b78cfC621B3EdE3D57d48051C9E967b0f9F,3
0xccc976852d07AA077FFE0a7d256222C2D10605e8,1
0x38Db75cdB8eBeD1cf585E4FE580A7d268bD83329,2
0x1FB42B3AdECaaac6443011A20e15a2C56ca4C1f5,1
0x1298359e8d2E731303a19931639A6A7155796cC8,3
0x9d8fd7eEB16F176F4D02461C20d80b41d61F5Bdd,1
0xc8648f6137FD467a8A1183F77E0464105Efb3533,3
0x3B9346Bb278A2bC6f84a9b32835FC10216c99eCf,1
0xDeFA5675CDf2c7482AcEC6A16626D14941F0ACbE,1
0xA475918AD510b996D26f01dD3E43cCa863606405,1
0xE4f44bC4520d3161beF03f62967bC361082b3aE0,1
0x049894C74ed994d904Ce34E56c4E45Ce150aF15C,4
0x1bD917796e543B03d39ccDD8cAbf8CA73b08bbdD,4
0x2D0253902067Db8aaF0cADD6Cf6e1b1dCBf4c59e,2
0x2Ab97866D53Adc3350Eb83B5bCF0f3011E4E4E6f,3
0xe073D561bE2f874Eddb1832A9bF269E2320dC2A2,1
0x4Ef648ad96DB020111a3A0e7Bce4Ff6e1Af3dA68,1
0xf6803179f07AEC32Ac85C56420554632AaFFf830,4
0x8f1Fc6431aEc8D719e3940dDA78732dE6Cda9f8E,2
0x0c30F33E4c611165Fc3577D450dC01811E983e2F,2
0x0c9109c22765BD7523782eC9F65561f6fd3896C0,2
0x24726bb1C7996dBE80dae1e87799034125577144,1
0x259491D2951eeBEfe5dc40d384cD2F2d045C204E,4
0x31d4822060556e530b7af42f1d410Dd5455EBfd3,1
0x488B10B18630Bcbefd35e4EE4d613AE7cf382303,1
0x546a0ED69a7DC15f7b6A4Ce28550dbBAA9291Fb0,2
0x702f99334E19c045a35Ca22F2274EC49Ca002d94,3
0x727A52f2E70e97f4Dc98Db7565c5E6bFBfd45f0d,2
0x72D13451DC29Bbf053F267F040462ce682194736,3
0x780E9A7ffBa019ae79933278b8d92C007F1852D3,3
0x82015A57FCAb84099b668A8BAA7d2Fe453915Ea3,2
0x880541c5DF65486E45fe7c592301E23e3d670Aca,4
0x96f160508Ea721c21D50b3815E14F5a84fD9D64A,1
0xBa4f53CFC7F68a1899a77DfC7B7D9E7c87BdF1cd,1
0xC5f613F34f10e6cb358CE40ba39e8E1B0B53F41E,2
0xC89269E4d322e4DC2433bd1270A13B9be5E01D20,3
0xc8a295c8058442084B1C97f1A544C7930032ea28,4
0xDaA1509B5A11fb2D34Fec741A7b8283124A94A3E,3
0xFEB4bEF92a27426aB7cba42ed28bf25C3401cCC3,4
0x2155EF088AA597f7cD3CB4c40049269642Cd4647,1
0xE707D88684967d82cA8eaaC7f380C970ac8C2a22,2
0xdF564dae1729Ba3D9D6671FfbDaCA8aF7dDc2cFe,4
0x2c9eFF4DCfEb43709243DDa5d713E7C835296FA8,1
0x7d01B8D960A73E4eb4976F362C442C04412d8a77,4
0xC05559505ef622A4493Eb9fd258fcc3417877648,1
0xD99F80e73F15b5c25FfA2a088CBFde7A25bc4619,3
0x4FD4A4F5FA864e85c968014f3391F9Ea7d458FCb,1
0x26C192f6dC9D6A23EFF765069BF132A84e095820,1
0x07058f4BdC6BdaeE93b49fe30Ff11FDa646ceca0,2
0x8B9B5EC7db0dba96aA25B0A6a57Bdc8b04FEC1a2,2
0x243Ae31Ee26FCEF277214DF5F06a6e7C5686ACf4,4
0x9bB7F218Cead9b2caCca553fCBa50Ae3F4067aA3,1
0xa0fA900b02377ed3460bFFE79BF973506BBfB1DA,2
0x8BCCcd1474fF9eaF9E174ea68474bb1f71B6805d,1
0x528bDb07e14E0D7Dd641524393Aa1f4f815c2E0C,4
0x9f52fEae6708D9Ba8214Be2325fF3F0dC30acA87,3
0x9eDD3823538eC5a368Df4198eCd1D9Df83CA3dC4,1
0x4a19Db57eC62CA3Bc6123A2E499Bb446c7b37Ce1,3
0xCcE8DfdF25A9A80770572B3A661Ce123A86F1bA6,3
0x28804F29068C130170DeFaCE2DD8401b6d317305,4
0x0416F698FE0EB5Da3412374ceF99aF72ae6B92D1,1
0x0E1ca0c78C85457e04DD6F256b290f6c31B7629A,1
0xcec96b6bc3e329eef5752499191a4C30ce37ff9e,1
0xd33619B122B27f712AA5F784BC54DE9c95c7588d,1
0x765162f9e72CE238a383C6BC5e63fd3a27382EAA,1
0xd45eEc42e372a9d65424c0131503892f4207E314,3
0x1ea1d67B1a739db99F5a7479e93705aD057E73Cc,1
0x0469D5c618600EdC347745E660530b5b0aF249Ff,1
0x4AA812Dab16AF3d19a93F38c72f3F5f9383052bF,4
0x28005339F65Cc9Ac185A02268BE3394d9B2914b5,1
0x0D3D1BF5d503C2C35eF01B9A9E1c9c20d57FB684,2
0x6AcAE4d722389b96D1cbBEc62098C5aC0F5962D9,4
0x86e2A15b165A7A87568d6DF1b8Ea94f197d0c319,1
0x5316878a80C5D78efAbA0132EceF1Fa23540BEF8,2
0x9528141b15A25dA93D4B593074C81d445565b3c5,3
0x6Db318Ca1f47df4F72A2af2f4A7A17754d2b37Dd,1
0xc49cF6B48a26d588cD23b10AC044be72c22a91eD,3
0x0378498aeb396186549F0d341a0ea9eDD2f740c8,3
0xDd088E2F4E8E7A99065e5B2273BCC46a38329C7d,1
0xfB69f430e3dCd4F86F28E9bD9A44426621347A68,3
0x67DEC400fF15819B88e775a838eb2c4301ccF7F3,3
0xb557D0f5D912cf1c79676c3B0C5CcA4b4A13aB06,4
0xb3272dB4dE6793d52216ac48B51765a3d87caE3f,1
0x5A849C3430828F17cD930D80b12ACFD1cf825710,2
0x6C7d412ba90Db8a2a2C3187440cc879c37ce51C8,3
0xAF43C382d8e9727dDd522BE049822635d69851D2,2
0xDB96102Df4c5Cba7731ce3dB8e8FC5c4c4cd5e55,1
0x790311167Da26029DA4566EF7D3c04d47f5D2BcE,3
0x4F35A382fb3Ddd4288286cc40C52f9d29Bb669aa,4
0xCB2f74535fD250B703651Ae23Dfa0E2044dCCB32,2
0xdA1BCFdfd9d38fa4613fF8F705CD9e6f7b76c920,1
0x70a4e7e0b399c6AB736B15d66410f7015a8C6663,1
0x5cfA9018463F7E133931b8AA1D39beFb64a38777,1
0xd2D24320615e377DB93A23d53290f9C3Ac9545f4,2
0x795076b0F5ceA89E45a493acd2721F330FD79B73,2
0xf45f34330bd4DeDAc13824e15624D97FBb430183,1
0x9A12B9e1A7542311f971511567b4d679E93553d7,4
0xAF04A76d03bE9161e65ea1A18dc5a13EcDbD7471,2
0xc642c88f6dFe10f425926dff5aB30340d11F1Ad4,3
0xCEc568F4806E95289a92b0f5C1377543FBea4bcF,1
0xfdd440FCCaEeF8244b146C6C3d67E508041d0509,2
0x30ae0f160A9190c010113eBf07b4a20ADbC103FD,1
0x704Cc226D514FB5CEB64afb60c7fb832672BD81e,4
0xB25C4cCDA7f795829ca315728fD3ef09f906399D,1
0xc95bdd29C8c552575Fa6c669d81074570e73599E,1
0xD27EEDA3Fe934f6Da19663Ed2B607D9DA60cabF8,1
0x015B89b60Fe9BB54C404a84D133D76DE3044186d,2
0x7706Dd0517dF06612050a93ce3681d05011DCA80,1
0xd96a7f1355e092998121b40C37b37603a3d9cd3f,4
0x6f14fE3d753E06894AB587721Ee5B1D8C17da001,3
0xB84cf479B93Eb5D864cb6408a4bB663970D72E78,1
0x6F41037370D0aC04aca7F0F7a5B762efDE967DA2,2
0x8e89d6702EA648aD5306f8E4488cBa089D7011d0,3
0x6CB13B534E14d0906ff6113f27714AecfA286C25,3
0x9022BC8774AebC343De33423570b5285981bd9E1,1
0x50DD1Cc0eAd19393a3ef112611930AEb221CC647,1
0xCdA75f33BdA5E02877a1423cA11AEfcEd3904693,2
0xA840f4204ca7bE122845E8412745b486E7192138,3
0xb8F437b794e8E94DF9F0cdf55561C95Bb941Abde,4
0x0E743B06FcB4dfdAf139638F4B78C1d483e3fAb1,2
0xF5e63C9320F09D0858a445571f64Cf61Ae259B08,2
0x8DbF815Dc6D182eBe67520379663901C23478ce6,2
0x882C8e57Cf50ea8563182D331a3ECf8C99e953Cf,1
0x520FA873d99b54d9B2B81858d5A875105bDc89ce,1
0x4981d1b985D0b486009DA7e5a01035602F57A334,1
0x49B3db0fD5b98924d42dfad18A11C08f7d7A3e5F,1
0xA94b40c53432f0576E64873CE1CEAd1aae62Fc90,3
0xB26901d9C727326739B7A7e04c21706FE34aD984,2
0xfEeA4Cd7a96dCffBDc6d2e6c814eb4544ab62667,3
0xB32FC7B40a89e0547bD16664a57fcFCeECbeEeEC,2
0xFd867FA6Fa9dEA501DD21D84D218b9dFECC29678,3
0x36162C7B2D4a94686d74F8C9649769e1733Ee42E,1
0x1EF8A0024942433871BA035BF14E4015e7583a77,4
0x473668E5F99e0E0bFa66C2C979e9cd26761f2F62,1
0x5142811712c04a645C69d1725E5C38291F080537,3
0x451640945c39C0Ae00C2359d8612203A0E2b463A,3
0x6c5B82ebD4BcDE97efbDaC727e68B6ca2e45EFcE,2
0x89B8992AEc28D34eD8579fDe2b10B872DD26e617,1
0x1feCb2E6Ed1E930879d86d4734489442f2F80952,1
0x8e5F1a8959236545557D85ac3f68D0FDD8159552,3
0xE345C5dAD42d1ffeda91c01aaC2C03af49597541,2
0xBf1F4DBbC3CE58179Ad839bcdD784bFDAFe4126d,2
0x40379bf7c24fd4c84d980c306f25043eb13fd222,1
0x9EB8C32495068131799bEA65c8561EFEe853c40E,3
0x40977234CAF7C7278D552a6Ab3861c271591733E,2
0x87e2f5d007c9Cc32eFAA46EF92Ff6eED50EbF01b,2
0x634775eFe2d77FF787fA843A57e752b9BD515F41,1
0xA970D175E16b74c868B9a25657DA9B2385DD1320,1
0x38dAEa6f17E4308b0Da9647dB9ca6D84a3A7E195,1
0x191AB9ee3e7E9d06952529Bdf259ec82f12a15C0,2
0x4E402F530f7B4EFD2c4D7227F5Ec2c9e4Ca2897E,4
0x81aA6141923Ea42fCAa763d9857418224d9b025a,2
0x7f1cd22f3e8dfac287cb6b1d29a4d28ecb797b9c,3
0xc99E6F4E094e1922662EcaF3E6f8a0551Bdf5795,3
0xcfd6Dd9C8f1F246634fe80FB8B2393ec8f58dF6F,2
0xA3A52138933fC6Dd249b5CbD5F95eB63A363E6DD,4
0x800FBC8d5b167EbEC28c59cdeAB5AAA64ef53dd7,3
0x632659f18682013AB15Da51fd7F7448237421D53,3
0xfce0413BAD4E59f55946669E678EccFe87777777,2
0x58b80ff10946cfda425c81f8619c6c1615a517b5,2
0xb955369d7d33c2556a002bdd304553599540b078,2
0xf3453f0a63f72BEE573449d446895C805920A4b1,3
0xb5e8caed2f96f8541983c04252cd81c5b9da88b8,1
0x3029AA8Ef0880fCD1e714E2Dc42561b9b9eD3c40,2
0x2A77c38eb55624C6eA0c7eD32d0Cf1169d5376c7,2
0xa6a2b356718faf8CcE70E78f06712f1Ce5917D04,1
0x11414661E194b8b0D7248E789c1d41332904f2bA,1
0x88e21d089101632F086794Efb63E6E799865D7CC,2
0x661218f97ee63af34baa42d8de03ca57c2d64f1c,3
0xdE5bACc8880421fa08864D240627862E4423EAa2,2
0x7FbBB888E591f40484f0b383f03c8433bE78CaC8,2
0x71A75825623F868B806936e25aF475535aAbbeD0,2
0xf50EF49215315e045a5A6Ad99D321Cb0e8a48687,2
0x20ABe68290b1e0dEEEf4B5E09aA5D862D511D9aa,1
0x59A7d71d42C031446bd1CBC0DCd272B9bd6D289e,3
0x817249F256C020ceD5bEe244ba2170Cc8aFC11a4,3
0x205E1918981b4c57Df5085A5bB5D9c7D2eE70db4,2
0x05a91c974eb4d563c93cd036217c07956af42c4b,3
0x78525BdE42cF233e756b9372540743af62d1dA68,2
0x729DCbDfEbCc0741B845256E764ECE7F4db55Ccc,2
0x32aF6b48574d5601C8f49a986b2eCD917dbEa06b,2
0x259DA38423a83e8685eBA1c41d339b000Fb53445,3
0x85E2BB561FE2131027BB385DADf796F1235450AE,3
0x42d455b219214fda88af47786cc6e3b5f9a19c37,1
0xCCa178a04D83Af193330C7927fb9a42212Fb1C25,2
0x98D1d755807c8E98824f003c402ab40C1A7e1847,3
0xD2e4C8f5CA7624c664626F9BBF1Bf0AcD71dbb8a,1
0x9FF9253e46F1f838f03ac81cf37B3b67CcF5c619,2
0xbE45fb64D7158E47D0F9847709962AD5F40F336B,1
0x81E603BcB612470497199c02e09af13A66f933fa,1
0x91646c2c2fF05C4e9822740b0aD9d8B3DA51382b,2
0x5BEF45489a03462D199612c5cd992F114f398Ea8,3
0x3902e68F7bc7cd443F159ca23f651cC4Be018A96,3
0xc52Dc5d3511bB6e4f16ac55F055a2bC8E97B14Fa,3
0xbBAe3591144357F6Ca3d87cf1B8e1b07A03116Be,1
0x15c2438d7224187F90F921CD90BD551734b537aF,1
0x9A61567A3e3c5b47DFFB0670C629A40533Eb84d5,2
0x8d00a28992b491759517dF8144B85ABeea2A6D54,1
0x8E80fC7b0e9Ec0b8934350B35903388db9030096,2
0x19f4D695952Cef25328686AC7db05bddaBa81E1e,1
0xc18c876253AD41fEe5b1C8af686176E326A5A1E1,3
0xab0bc8e749f91b032aa0b909ede779f27f6a2cae,2
0xA130320D6BE304D5140B48c37AE6E4C98FAe8CFa,2
0x9ABAe20Af4afbd7BA2b78a4db34Dc4210390aAB4,3
0x3314E3029b09786C66289956320039338934Fa00,1
0xb2a0E8ffc16729A0aB621b2DE55E1406991b407e,1
0xce150bF995116a12C9739488E2Af66cdAe04d0D7,2
0xCF9a67393e363034d2e94b27b3F53BF531b6ceF8,2
0x3c9963D031569992B8C8aE45e2Ccb19Bf479320E,1
0x58D353De4B0c9AEa0f576b525B1f55C1A3D44F71,1
0x2c5947246fFA9fb63A66EaFA44F4067c62186bA8,3
0x39aa3e12725BCA1C938fD529222059B122431592,3
0x691877b17031f2f457744fb7512b479408428dac,1
0xb9c38AF91f8737a22E069555508AA3B4180FA03d,2
0x5a20D77350F0C24451779c4574Ed525F5705Ac5e,1
0x42bea9748999cb5aaf7fdb45b14eec9ec3ff86bf,3
0xa86cd6bfe453ad3bd3bfbb263d223a1a39eebeab,3
0xf5ca908c5e57aac9e0bd262b7eaebc0755c2c3c2,1
0xa96d4549729c2a826237d91b3a3700cad7dfec4a,1
0x9e646127f8c7b44e66e56f53bdffb079b2896c0d,3
0x013cc394844aa993d73ca9a08d89dd6d046f3bcc,2
0xd761295d455e472ba07ecadded370efca55e6cc0,3
0xed7e736851bc65967a65cf1134300c27f39b7648,2
0x1f630c230f0e12b9b264e95dbc20f4507fa6795e,1
0x4eb173b2a73875921facbf9e048c4b71ec8c8818,1
0x04cabdfed8989293b429d958271dfea897d73737,2
0x9266d4795f1871e2b410ab4af62454b5e00e6805,4
0xb98296c9b2d75c6c358cc9367acb4ff433f0a742,1
0x98f83281aa0759c0b5446dacd86f2d25a4323dd5,2
0x76577d91fb3c4781D80eF0d8725c015FC44E4CE2,4
0x1bc8703bb3ea438b89fce6c4bb85bbe8ea59c0b6,1
0x1e8c88e051f5747e0d74d4d100fe254a33158a67,1
0x70fff62ac6acebeab57a44bc8f593b547d006821,2
0xe8e17a5f9d335997f85fa90fd897b16629e37c66,4
0xd4da57adf92c9020af0ee5e2787d013a6da4780a,1
0xa81dbb4c0a573c7c82d2419451fa0c8bf67db141,4
0x9620da3d1cece0ac2b43d5012270b4036894de4a,3
0x00e5593ea0ce6905fa39e1cd0782d9007f01f848,1
0xe62094ab3023830253c068967fc7a74131ab4aa2,1
0x5eef442116a585f13ae0e5d1b4ccaa33b6de3f95,2
0x615bcf9adee28ca7097e54414f69ddc45c6ad28c,1
0x69a4cdc298012ca0242ffcd08621a7cab382478f,2
0x81b0ec9196a31aacd6e68218b26678696640bdf2,2
0xec97cd3771b5f1fdbe4673c597b06f4c7ac389e3,2
0xadd8bf4cb016eaf15ea21942765d2c655f4f6f1a,3
0x4579e110e060ab6dd0f6f73500f29bc3be8e8ccb,3
0x91fa472fb12ef104d649facce00e3ba43de57a8d,2
0x529861e2fa14dd1d0cfef398939c476446c8cac2,2
0x5df13ab42a17f57e1c89fb8da7cfd4f1b25f2c2f,1
0x45650086c2688797bf9470258777396c87033b4a,1
0xba89ff45434b354a78eb73fc57b7a7ae27af4a6d,2
0xd070c6d6a0cd3972462a33f88a8809b48467230f,1
0x1b5fb5e9efa1d60f12b495062ce45834be7ec272,3
0x453baedf7f9f9c3ab6734eced9e527290458c501,1
0x59492d8b05ce76487f698564d44cc88151a3825e,3
0x5b0a9d1445392f1b9e739be8a48f72ff5029e927,4
0x072db2203f2122c3ac96dda80933ad85df720b16,2
0x637a8f99acbd43f89b6afca840f629f125996903,1
0xd431e6bbc9395d3264ac646c7cc32de906ea7edf,2
0xe3c2749a0a71945fa47b9c257db45d9ace5e5e76,1
0xeac73674d57d673ff5d67453aa8d863a264b3b2c,3
0x5350ed778ddc894d0928187c7f0087a7865ced01,1
0x7b7e2bebbd81abfc7e17125c37212d8f9cfd9944,1
0x8316b461ffbe4fd7b489363e45eb939771b0fe23,3
0x3b55dfbd902e3152b1baf05517489d50c7475305,2
0xbF75BfDa0e48108DD2e5Dad30456DFDA2C006C4F,2
0x0b95f218d9032ebcb9ea928c7621e2ec7d19e390,3
0x0b5d0562c4cc878d2fbac550b87b34110f6c9bbd,1
0x78d55b199218634aea3489cf55709f094deba981,1
0xc7daeca224034042b5f14f71d6494182068ba2f4,1
0x232fe3a7c0b29a2d143ff73a5e75a2514e625cca,2
0x51fb5125d17400c8cf38cc23256d519dd4614b81,2
0x389242923bd38d0920be319660eb331fe3e71313,2
0x8a4304ddd67b525b51d33fd89b5486f9a6e0e93f,1
0x0035E82A69644A85B5fD117d22494caFf1c893c1,2
0xa40668f0da5e54ead824496999467ffcb69e688f,3
0xf2a1cf1ab0462e3c353a1e34bf74ec51fb162d08,2
0xbb29309abc649ce9e502d1437a93aefd5aa25028,1
0x325918a11a88f470008d46c422575ce765a37e6e,4
0x31e30cc75a260dea4c89b4bb05440eaf5858a86d,2
0x6909fe916fc63276c51843d56ab4fa9e12dc2eab,1
0xccdc58f159b30507dd69cf7fdc7ee6aaf867e799,3
0x4c0d90809e14b7c0748d4293e97fd8a137f9a28a,2
0xdfb943fe445013690203298d6ddde80f17662702,2
0x6853e244584b11f6649383dda1da37c44e03b4d3,1
0x206b89b3b84e4df5b5c130e4abf554c0c3fa88f3,2
0x4f56ec013b3dbcc29bf6c003468376fb735de887,3
0x9abac168b4b3ee8d8491806360f889948a47f4be,3
0xcb3a93e1d6c07e3cb784f9570a518add461e513a,2
0xc6e0c5efd7d3b38f9004c4f93dff7476b7e9eae5,1
0xe8c24363a4363fa4505cc770f2ee954bc8f69fc1,1
0x4f91fca3b9bd4a9bd8107c93dc3a4a394ec27d73,2
0xd9e3EC65F7a108d51BBE1D57aAE4583119f171B7,2
0x01689884e76C915AcDb665A52A2bc66e499b830d,1
0x89c562cecdd3cf6a07b5648491e241512f9cad4d,1
0x756fe13740241486359b6b16e7f2740989aafaf7,2
0xb8E91c49Dbc035683E077dEc0A0AEFB606E51F7A,2
0x7383173dadf422ad2dbd754698706cc1397671d1,1
0x52fd1bfd6960cde1540672d9ec3f1060212919a4,2
0x6291D74b5b3d4A09368CB9B5FF5E183e8b63F923,4
0xB6661E98938BcB3133afC3b632E6d602bebc26f3,3
0x3236c82b7739CB1246cA907CB6c256bee5311A27,1
0x4334CDeB036b102829e4b697C056F18deFBF045c,1
0x6bd6775Ac695e09f3fC3BcAe02D009b170B3B71b,3
0xd53Da12eAdbc3d1d357B1bD6bDa42Ed74B492f40,2
0x1c6c1aAb686631834Ae31EE52311BE31A68265eD,4
0xaA2bA5C877B70bac69763917d3657ca22d1c1cea,2
0xA050dB47160Cd522D8C72066eE9C162cB4d49cAc,2
0x0232EC357EeeB3F74841dE18Cd176E72667c72EF,2
0x4132038C883149f3e8f6ffe1150C9A7634c0F7eF,2
0xD17091330918eebaFE912337521124c2bbf7c43E,2
0x4CEB53dad0AcC0497021fa369D761dd6da6Cf49d,2
0x15C7b13bcE2796f1cB28cfe4d17D3CAB642E260d,1